,,Internal tourism in South,,,,,,,,,,,,,,,,,,,,,,,,,,,,,,,,,,,,,,,,,,,,,,,,,,,,,,,,,,,,,,,,,,,,,,,,,,
,,January-December 2025,,,,,,,,,,,,,,,,,,,,,,,,,,,,,,,,,,,,,,,,,,,,,,,,,,,,,,,,,,,,,,,,,,,,,,,,,,
,,Visitor,Visitor,Visitor,Visitor,Visitor,Visitor,Tourist,Tourist,Tourist,Tourist,Tourist,Tourist,Excursionist,Excursionist,Excursionist,Excursionist,Excursionist,Excursionist,Average Length of Stay (Day),Average Length of Stay (Day),Average Length of Stay (Day),Average Length of Stay (Day),Average Length of Stay (Day),Average Length of Stay (Day),Average  Expenditure ( Baht/Person/Day ) ,Average  Expenditure ( Baht/Person/Day ) ,Average  Expenditure ( Baht/Person/Day ) ,Average  Expenditure ( Baht/Person/Day ) ,Average  Expenditure ( Baht/Person/Day ) ,Average  Expenditure ( Baht/Person/Day ) ,Average  Expenditure ( Baht/Person/Day ) ,Average  Expenditure ( Baht/Person/Day ) ,Average  Expenditure ( Baht/Person/Day ) ,Average  Expenditure ( Baht/Person/Day ) ,Average  Expenditure ( Baht/Person/Day ) ,Average  Expenditure ( Baht/Person/Day ) ,Average  Expenditure ( Baht/Person/Day ) ,Average  Expenditure ( Baht/Person/Day ) ,Average  Expenditure ( Baht/Person/Day ) ,Average  Expenditure ( Baht/Person/Day ) ,Average  Expenditure ( Baht/Person/Day ) ,Average  Expenditure ( Baht/Person/Day ) ,Average  Expenditure ( Baht/Person/Day ) ,Average  Expenditure ( Baht/Person/Day ) ,Average  Expenditure ( Baht/Person/Day ) ,Average  Expenditure ( Baht/Person/Day ) ,Average  Expenditure ( Baht/Person/Day ) ,Average  Expenditure ( Baht/Person/Day ) ,Average  Expenditure ( Baht/Person/Day ) ,Average  Expenditure ( Baht/Person/Day ) ,Average  Expenditure ( Baht/Person/Day ) ,Revenue ( Million Baht ),Revenue ( Million Baht ),Revenue ( Million Baht ),Revenue ( Million Baht ),Revenue ( Million Baht ),Revenue ( Million Baht ),Revenue ( Million Baht ),Revenue ( Million Baht ),Revenue ( Million Baht ),ACCOMMODATION   ESTABLISHMENTS,ACCOMMODATION   ESTABLISHMENTS,ACCOMMODATION   ESTABLISHMENTS,ACCOMMODATION   ESTABLISHMENTS,ACCOMMODATION   ESTABLISHMENTS,ACCOMMODATION   ESTABLISHMENTS,ACCOMMODATION   ESTABLISHMENTS,ACCOMMODATION   ESTABLISHMENTS,ACCOMMODATION   ESTABLISHMENTS,ACCOMMODATION   ESTABLISHMENTS,ACCOMMODATION   ESTABLISHMENTS,ACCOMMODATION   ESTABLISHMENTS,ACCOMMODATION   ESTABLISHMENTS,ACCOMMODATION   ESTABLISHMENTS,ACCOMMODATION   ESTABLISHMENTS
,,Thai,       Thai,       Thai,        Foreigners,        Foreigners,        Foreigners,        Thai,        Thai,        Thai,Foreigners,Foreigners,Foreigners,        Thai,        Thai,        Thai,        Foreigners,        Foreigners,        Foreigners,        Thai,        Thai,        Thai,        Foreigners,        Foreigners,        Foreigners,   Visitor,   Visitor,   Visitor,        Thai,        Thai,        Thai,        Foreigners,        Foreigners,        Foreigners,   Tourist,   Tourist,   Tourist,        Thai,        Thai,        Thai,        Foreigners,        Foreigners,        Foreigners,   Excursionist,   Excursionist,   Excursionist,        Thai,        Thai,        Thai,        Foreigners,        Foreigners,        Foreigners,   Visitor,   Visitor,   Visitor,        Thai,        Thai,        Thai,        Foreigners,        Foreigners,        Foreigners,  Rooms,  Rooms,  Rooms,  Occupancy  Rate ( % )*,  Occupancy  Rate ( % )*,  Occupancy  Rate ( % )*,  Number of Guest Arrivals,  Number of Guest Arrivals,  Number of Guest Arrivals,           Thai,           Thai,           Thai,           Foreigners,           Foreigners,           Foreigners
No.,Province,2025,2024,%Change,2025,2024,%Change,2025,2024,%Change,2025,2024,%Change,2025,2024,%Change,2025,2024,%Change,2025,2024,%Change,2025,2024,%Change,2025,2024,%Change,2025,2024,%Change,2025,2024,%Change,2025,2024,%Change,2025,2024,%Change,2025,2024,%Change,2025,2024,%Change,2025,2024,%Change,2025,2024,%Change,2025,2024,%Change,2025,2024,%Change,2025,2024,%Change,2025,2024,%Change,2025,2024,%Change,2025,2024,%Change,2025,2024,%Change,2025,2024,%Change
1,ภาคใต้,"31,098,519","30,409,869",+ 2.26,"27,829,454","28,258,691",- 1.52,"21,351,809","20,623,083",+ 3.53,"20,490,271","20,815,719",- 1.56,"9,746,710","9,786,786",- 0.41,"7,339,183","7,442,972",- 1.39,2.37,2.39,- 0.02,4.78,4.85,- 0.07,"5,931.26","5,885.46",+ 0.78,"3,448.48","3,375.20",+ 2.17,"7,354.44","7,253.52",+ 1.39,"6,356.36","6,306.52",+ 0.79,"3,753.75","3,676.15",+ 2.11,"7,701.03","7,590.72",+ 1.45,"2,235.37","2,213.73",+ 0.98,"1,863.56","1,859.39",+ 0.22,"2,729.15","2,679.64",+ 1.85,"982,413.04","985,667.62",- 0.33,"208,117.44","199,392.56",+ 4.38,"774,295.60","786,275.06",- 1.52,"253,834","252,964",+ 0.34,73.82,74.87,- 1.05,"39,285,739","38,850,780",+ 1.12,"19,339,350","18,606,744",+ 3.94,"19,946,389","20,244,036",- 1.47
2,พัทลุง,"1,855,615","1,759,629",+ 5.45,"88,381","85,716",+ 3.11,"776,722","723,397",+ 7.37,"20,185","19,278",+ 4.70,"1,078,893","1,036,232",+ 4.12,"68,196","66,438",+ 2.65,1.98,1.95,+ 0.03,2.17,2.15,+ 0.02,"1,664.48","1,583.38",+ 5.12,"1,662.49","1,580.58",+ 5.18,"1,710.76","1,647.11",+ 3.86,"1,994.49","1,906.24",+ 4.63,"1,980.89","1,891.81",+ 4.71,"2,472.09","2,396.74",+ 3.14,"1,209.38","1,158.21",+ 4.42,"1,208.61","1,156.84",+ 4.48,"1,221.77","1,179.45",+ 3.59,"4,542.00","4,045.13",+ 12.28,"4,350.40","3,867.43",+ 12.49,191.60,177.70,+ 7.82,"3,258","3,180",+ 2.45,65.88,64.53,+ 1.35,"736,859","684,300",+ 7.68,"717,287","666,128",+ 7.68,"19,572","18,172",+ 7.70
3,ตรัง,"1,682,571","1,640,001",+ 2.60,"91,917","89,098",+ 3.16,"1,008,100","982,546",+ 2.60,"61,636","59,793",+ 3.08,"674,471","657,455",+ 2.59,"30,281","29,305",+ 3.33,2.11,2.10,+ 0.01,2.40,2.63,- 0.23,"3,059.25","2,986.35",+ 2.44,"3,020.57","2,946.63",+ 2.51,"3,667.03","3,565.64",+ 2.84,"3,422.19","3,343.95",+ 2.34,"3,381.01","3,303.53",+ 2.35,"4,014.38","3,874.51",+ 3.61,"1,887.63","1,830.12",+ 3.14,"1,883.92","1,826.63",+ 3.14,"1,970.21","1,908.20",+ 3.25,"9,115.85","8,682.44",+ 4.99,"8,462.36","8,017.23",+ 5.55,653.49,665.21,- 1.76,"4,506","4,482",+ 0.54,58.48,58.85,- 0.37,"946,181","930,295",+ 1.71,"885,555","872,656",+ 1.48,"60,626","57,639",+ 5.18
4,ระนอง,"989,470","893,012",+ 10.80,"42,297","32,269",+ 31.08,"793,890","700,771",+ 13.29,"27,597","18,231",+ 51.37,"195,580","192,241",+ 1.74,"14,700","14,038",+ 4.72,1.97,2.02,- 0.05,2.52,2.51,+ 0.01,"2,186.27","2,088.76",+ 4.67,"2,145.52","2,059.11",+ 4.20,"3,037.49","2,886.39",+ 5.23,"2,301.84","2,202.33",+ 4.52,"2,256.78","2,168.38",+ 4.08,"3,315.74","3,252.85",+ 1.93,"1,288.37","1,284.18",+ 0.33,"1,255.86","1,254.42",+ 0.11,"1,721.07","1,691.85",+ 1.73,"4,031.01","3,483.21",+ 15.73,"3,775.12","3,310.61",+ 14.03,255.89,172.60,+ 48.26,"3,854","3,774",+ 2.12,60.84,57.28,+ 3.56,"797,713","703,429",+ 13.40,"771,259","685,734",+ 12.47,"26,454","17,695",+ 49.50
5,ชุมพร,"1,888,214","1,790,296",+ 5.47,"81,006","48,882",+ 65.72,"1,401,464","1,326,133",+ 5.68,"44,191","14,318",+ 208.64,"486,750","464,163",+ 4.87,"36,815","34,564",+ 6.51,1.96,2.02,- 0.06,2.33,2.25,+ 0.08,"2,377.98","2,245.83",+ 5.88,"2,360.53","2,244.81",+ 5.16,"2,781.43","2,294.10",+ 21.24,"2,535.29","2,385.15",+ 6.29,"2,510.58","2,377.43",+ 5.60,"3,194.10","3,027.39",+ 5.51,"1,521.80","1,488.51",+ 2.24,"1,513.82","1,479.42",+ 2.33,"1,627.31","1,610.63",+ 1.04,"8,021.87","7,208.52",+ 11.28,"7,633.08","7,055.32",+ 8.19,388.79,153.20,+ 153.78,"6,228","6,198",+ 0.48,64.32,60.64,+ 3.68,"1,420,643","1,305,889",+ 8.79,"1,379,813","1,293,205",+ 6.70,"40,830","12,684",+ 221.90
6,ปัตตานี,"465,077","444,364",+ 4.66,"178,918","174,373",+ 2.61,"278,440","262,687",+ 6.00,"64,850","63,575",+ 2.01,"186,637","181,677",+ 2.73,"114,068","110,798",+ 2.95,2.03,2.05,- 0.02,2.19,2.26,- 0.07,"2,107.63","2,039.67",+ 3.33,"2,064.74","1,998.95",+ 3.29,"2,233.56","2,154.83",+ 3.65,"2,419.03","2,339.15",+ 3.41,"2,324.93","2,253.70",+ 3.16,"2,793.25","2,659.05",+ 5.05,"1,375.10","1,340.93",+ 2.55,"1,276.70","1,243.80",+ 2.65,"1,536.10","1,500.22",+ 2.39,"2,124.68","1,988.34",+ 6.86,"1,552.40","1,439.61",+ 7.83,572.28,548.73,+ 4.29,"1,428","1,392",+ 2.59,59.80,56.95,+ 2.85,"316,877","292,734",+ 8.25,"261,069","240,946",+ 8.35,"55,808","51,788",+ 7.76
7,ยะลา,"1,119,208","1,103,270",+ 1.44,"914,066","860,189",+ 6.26,"762,314","747,427",+ 1.99,"598,744","560,005",+ 6.92,"356,894","355,843",+ 0.30,"315,322","300,184",+ 5.04,1.83,1.78,+ 0.05,2.04,1.90,+ 0.14,"2,525.95","2,421.28",+ 4.32,"2,207.78","2,130.99",+ 3.60,"2,887.94","2,779.45",+ 3.90,"2,739.68","2,632.89",+ 4.06,"2,401.66","2,322.83",+ 3.39,"3,124.83","3,019.69",+ 3.48,"1,693.02","1,648.11",+ 2.72,"1,449.90","1,413.74",+ 2.56,"1,968.18","1,925.92",+ 2.19,"8,314.46","7,392.08",+ 12.48,"3,867.87","3,593.42",+ 7.64,"4,446.59","3,798.66",+ 17.06,"3,502","3,565",- 1.77,80.93,77.39,+ 3.54,"1,206,668","1,170,160",+ 3.12,"643,575","644,525",- 0.15,"563,093","525,635",+ 7.13
8,นครศรีธรรมราช,"4,428,586","4,273,758",+ 3.62,"70,518","62,855",+ 12.19,"2,674,476","2,548,849",+ 4.93,"41,026","35,816",+ 14.55,"1,754,110","1,724,909",+ 1.69,"29,492","27,039",+ 9.07,2.02,1.98,+ 0.04,2.15,2.07,+ 0.08,"2,356.91","2,288.27",+ 3.00,"2,345.16","2,278.35",+ 2.93,"3,071.42","2,952.42",+ 4.03,"2,570.66","2,493.41",+ 3.10,"2,555.20","2,480.05",+ 3.03,"3,516.76","3,403.62",+ 3.32,"1,698.91","1,688.64",+ 0.61,"1,698.23","1,688.21",+ 0.59,"1,739.46","1,715.30",+ 1.41,"17,144.76","15,726.83",+ 9.02,"16,783.26","15,428.11",+ 8.78,361.50,298.72,+ 21.02,"10,946","10,859",+ 0.80,71.59,70.63,+ 0.96,"2,579,467","2,459,103",+ 4.89,"2,545,242","2,426,659",+ 4.89,"34,225","32,444",+ 5.49
9,นราธิวาส,"527,954","486,462",+ 8.53,"713,480","704,607",+ 1.26,"405,966","373,639",+ 8.65,"322,547","333,962",- 3.42,"121,988","112,823",+ 8.12,"390,933","370,645",+ 5.47,1.82,1.85,- 0.03,2.13,2.07,+ 0.07,"2,497.61","2,395.52",+ 4.26,"2,097.76","1,994.39",+ 5.18,"2,816.51","2,699.27",+ 4.34,"2,774.61","2,648.50",+ 4.76,"2,256.48","2,139.39",+ 5.47,"3,330.62","3,157.71",+ 5.48,"1,726.75","1,672.16",+ 3.26,"1,136.26","1,106.06",+ 2.73,"1,911.02","1,844.49",+ 3.61,"4,846.18","4,469.55",+ 8.43,"1,805.84","1,603.60",+ 12.61,"3,040.34","2,865.95",+ 6.08,"2,421","2,331",+ 3.86,65.99,64.34,+ 1.65,"634,193","611,933",+ 3.64,"353,181","324,437",+ 8.86,"281,012","287,496",- 2.26
10,กระบี่,"2,771,163","2,864,565",- 3.26,"3,564,132","3,606,128",- 1.16,"2,167,229","2,040,022",+ 6.24,"2,291,712","2,328,400",- 1.58,"603,934","824,543",- 26.76,"1,272,420","1,277,728",- 0.42,2.94,3.07,- 0.13,3.74,3.85,- 0.11,"6,293.64","6,092.43",+ 3.30,"4,966.10","4,740.11",+ 4.77,"7,234.41","7,028.19",+ 2.93,"6,722.58","6,542.24",+ 2.76,"5,200.51","5,028.79",+ 3.41,"7,854.07","7,599.60",+ 3.35,"2,877.82","2,834.26",+ 1.54,"2,493.07","2,547.54",- 2.14,"3,060.44","3,019.28",+ 1.36,"105,852.91","105,578.45",+ 0.26,"34,641.51","33,595.20",+ 3.11,"71,211.40","71,983.25",- 1.07,"29,676","30,045",- 1.23,70.68,69.74,+ 0.94,"4,279,800","4,132,717",+ 3.56,"2,084,726","1,873,264",+ 11.29,"2,195,074","2,259,453",- 2.85
11,ภูเก็ต,"3,500,649","3,445,695",+ 1.59,"10,748,204","11,065,493",- 2.87,"2,837,277","2,818,878",+ 0.65,"10,205,637","10,522,687",- 3.01,"663,372","626,817",+ 5.83,"542,567","542,806",- 0.04,2.58,2.56,+ 0.02,5.52,5.63,- 0.11,"8,563.33","8,451.30",+ 1.33,"5,042.74","4,925.69",+ 2.38,"9,057.48","8,913.82",+ 1.61,"8,666.89","8,546.55",+ 1.41,"5,280.42","5,145.99",+ 2.61,"9,106.93","8,960.78",+ 1.63,"3,096.47","3,039.14",+ 1.89,"2,419.87","2,389.53",+ 1.27,"3,923.72","3,789.29",+ 3.55,"555,428.01","571,550.00",- 2.82,"40,258.90","38,632.86",+ 4.21,"515,169.11","532,917.14",- 3.33,"97,470","96,048",+ 1.48,76.35,78.62,- 2.27,"12,657,079","12,914,886",- 2.00,"2,571,672","2,555,793",+ 0.62,"10,085,407","10,359,093",- 2.64
12,พังงา,"1,688,196","1,643,612",+ 2.71,"2,667,260","2,615,058",+ 2.00,"811,084","766,052",+ 5.88,"915,595","863,393",+ 6.05,"877,112","877,560",- 0.05,"1,751,665","1,751,665",0,2.97,3.10,- 0.13,5.47,5.55,- 0.08,"5,871.16","5,665.87",+ 3.62,"4,138.48","4,049.99",+ 2.18,"6,713.44","6,469.03",+ 3.78,"7,028.27","6,807.24",+ 3.25,"4,768.15","4,663.21",+ 2.25,"8,115.33","7,869.76",+ 3.12,"2,606.36","2,554.85",+ 2.02,"2,409.14","2,390.58",+ 0.78,"2,705.16","2,637.17",+ 2.58,"58,981.79","55,501.97",+ 6.27,"13,599.15","13,171.92",+ 3.24,"45,382.64","42,330.05",+ 7.21,"14,191","14,396",- 1.42,76.37,74.06,+ 2.31,"1,639,528","1,541,296",+ 6.37,"752,473","690,253",+ 9.01,"887,055","851,043",+ 4.23
13,สงขลา,"3,346,153","3,354,514",- 0.25,"3,838,340","4,083,303",- 6.00,"2,545,892","2,556,626",- 0.42,"1,942,263","2,034,431",- 4.53,"800,261","797,888",+ 0.30,"1,896,077","2,048,872",- 7.46,2.29,2.23,+ 0.06,2.64,2.52,+ 0.12,"3,958.30","3,888.56",+ 1.79,"3,597.10","3,601.18",- 0.11,"4,299.30","4,148.84",+ 3.63,"4,260.11","4,199.24",+ 1.45,"3,777.95","3,780.63",- 0.07,"4,808.33","4,664.79",+ 3.08,"2,731.81","2,706.77",+ 0.93,"2,279.56","2,318.95",- 1.70,"2,922.66","2,857.77",+ 2.27,"54,046.79","53,175.22",+ 1.64,"23,850.00","23,404.65",+ 1.90,"30,196.79","29,770.57",+ 1.43,"23,110","23,646",- 2.27,69.42,74.86,- 5.44,"4,174,333","4,330,223",- 3.60,"2,320,071","2,346,427",- 1.12,"1,854,262","1,983,796",- 6.53
14,สตูล,"1,906,026","1,881,503",+ 1.30,"468,961","461,120",+ 1.70,"1,186,942","1,185,758",+ 0.10,"302,141","307,834",- 1.85,"719,084","695,745",+ 3.35,"166,820","153,286",+ 8.83,2.12,2.17,- 0.05,2.64,2.43,+ 0.21,"3,216.43","3,137.74",+ 2.51,"3,230.91","3,158.76",+ 2.28,"3,167.86","3,061.44",+ 3.48,"3,543.94","3,446.24",+ 2.83,"3,578.04","3,485.49",+ 2.66,"3,436.39","3,311.24",+ 3.78,"1,991.22","1,930.93",+ 3.12,"2,016.12","1,950.41",+ 3.37,"1,883.94","1,842.50",+ 2.25,"13,508.58","13,084.86",+ 3.24,"10,453.27","10,325.51",+ 1.24,"3,055.31","2,759.35",+ 10.73,"4,814","4,798",+ 0.33,68.53,69.45,- 0.92,"1,161,839","1,173,656",- 1.01,"879,763","881,475",- 0.19,"282,076","292,181",- 3.46
15,สุราษฎร์ธานี,"4,929,637","4,829,188",+ 2.08,"4,361,974","4,369,600",- 0.17,"3,702,013","3,590,298",+ 3.11,"3,652,147","3,653,996",- 0.05,"1,227,624","1,238,890",- 0.91,"709,827","715,604",- 0.81,2.70,2.76,- 0.06,5.33,5.44,- 0.11,"4,345.83","4,214.71",+ 3.11,"3,304.29","3,224.49",+ 2.47,"4,925.20","4,750.75",+ 3.67,"4,501.79","4,364.19",+ 3.15,"3,486.51","3,405.56",+ 2.38,"5,023.13","4,842.06",+ 3.74,"1,974.31","1,936.69",+ 1.94,"1,820.77","1,776.25",+ 2.51,"2,239.81","2,214.45",+ 1.15,"136,454.15","133,781.02",+ 2.00,"37,084.28","35,947.09",+ 3.16,"99,369.87","97,833.93",+ 1.57,"48,430","48,250",+ 0.37,77.56,78.54,- 0.98,"6,734,559","6,600,159",+ 2.04,"3,173,664","3,105,242",+ 2.20,"3,560,895","3,494,917",+ 1.89
,,,,,,,,,,,,,,,,,,,,,,,,,,,,,,,,,,,,,,,,,,,,,,,,,,,,,,,,,,,,,,,,,,,,,,,,,,,,
,,,,,,,,,,,,,,,,,,,,,,,,,,,,,,,,,,,,,,,,,,,,,,,,,,,,,,,,,,,,,,,,,,,,,,,,,,,,
,,,,,,,,,,,,,,,,,,,,,,,,,,,,,,,,,,,,,,,,,,,,,,,,,,,,,,,,,,,,,,,,,,,,,,,,,,,,
