Date,Region,Branch,Product,Category,Customer_Segment,Quantity,Discount,Sales,Cost,Profit
2026-05-18,North,B12,P-D,Food,VIP,7,0.01,2781.80,1902.95,878.85
2026-05-31,Central,B12,P-A,Home,New,7,0.10,5036.00,3473.30,1562.70
2026-05-16,North,B07,P-E,Sports,New,6,0.03,6029.29,3788.71,2240.58
2026-06-11,South,B12,P-D,Food,Returning,7,0.04,2374.22,1675.82,698.40
2026-02-13,Central,B12,P-D,Food,New,6,0.03,1842.34,1297.38,544.96
2026-06-28,East,B05,P-A,Home,New,4,0.07,3305.88,2199.80,1106.08
2026-06-19,South,B01,P-E,Sports,Returning,1,0.12,1190.42,829.21,361.21
2026-06-25,Central,B04,P-D,Food,New,3,0.05,1096.41,782.43,313.98
2026-06-16,Central,B12,P-E,Sports,Returning,2,0.04,2583.81,1636.69,947.12
2026-01-30,South,B09,P-C,Beauty,Returning,2,0.09,1072.06,644.25,427.81
2026-01-14,Central,B08,P-B,Electronics,New,6,0.07,11234.29,8787.07,2447.22
2026-04-07,South,B11,P-C,Beauty,Returning,3,0.04,2050.26,1179.78,870.48
2026-05-03,South,B06,P-D,Food,Returning,4,0.12,1115.73,859.97,255.76
2026-02-20,Central,B06,P-E,Sports,New,3,0.13,3040.21,2130.27,909.94
2026-05-21,Central,B03,P-B,Electronics,Returning,4,0.14,6767.16,5769.27,997.89
2026-05-09,North,B07,P-A,Home,New,4,0.12,3394.40,2394.43,999.97
2026-05-28,Central,B08,P-A,Home,VIP,5,0.01,4349.12,2735.45,1613.67
2026-03-29,South,B12,P-E,Sports,Returning,2,0.01,2215.54,1362.17,853.37
2026-06-01,South,B10,P-D,Food,New,2,0.00,701.08,477.60,223.48
2026-04-23,Central,B09,P-D,Food,VIP,7,0.06,2459.79,1772.72,687.07
2026-06-14,South,B08,P-B,Electronics,Returning,3,0.15,4823.93,4593.55,230.38
2026-06-06,South,B01,P-B,Electronics,Returning,2,0.16,3147.75,3035.25,112.50
2026-01-12,Central,B08,P-A,Electronics,VIP,7,0.07,5725.84,3828.92,1896.92
2026-04-17,East,B01,P-D,Food,Returning,1,0.04,318.30,226.55,91.75
2026-02-19,Central,B12,P-E,Sports,Returning,5,0.07,5893.44,3876.97,2016.47
2026-05-31,East,B03,P-D,Food,Returning,5,0.07,1564.09,1139.21,424.88
2026-06-18,East,B07,P-E,Sports,Returning,2,0.07,2306.45,1516.14,790.31
2026-04-17,South,B06,P-A,Home,Returning,1,0.06,930.25,614.03,316.22
2026-03-23,South,B11,P-C,Beauty,Returning,6,0.03,4055.58,2303.47,1752.11
2026-03-14,Central,B07,P-A,Home,New,4,0.06,3651.46,2408.72,1242.74
2026-01-23,North,B06,P-E,Sports,Returning,7,0.01,9414.82,5796.44,3618.38
2026-03-17,Central,B04,P-D,Food,Returning,3,0.14,805.43,640.22,165.21
2026-03-26,East,B05,P-C,Beauty,Returning,7,0.03,4113.60,2321.79,1791.81
2026-04-21,South,B02,P-A,Home,New,6,0.15,5203.04,3781.28,1421.76
2026-02-15,North,B01,P-D,Food,New,3,0.05,948.44,680.09,268.35
2026-06-09,South,B12,P-E,Sports,Returning,6,0.09,6229.78,4172.48,2057.30
2026-06-13,South,B11,P-B,Electronics,New,4,0.19,7025.54,7060.39,-34.85
2026-01-06,South,B09,P-B,Electronics,New,2,0.18,3788.50,3734.23,54.27
2026-06-23,East,B02,P-B,Electronics,Returning,2,0.13,3402.85,2865.23,537.62
2026-01-27,North,B10,P-D,Food,Returning,3,0.10,967.38,727.56,239.82
2026-01-02,East,B09,P-D,Food,Returning,5,0.05,1851.56,1320.27,531.29
2026-03-26,Central,B01,P-C,Beauty,New,4,0.02,2530.67,1413.84,1116.83
2026-06-12,Central,B04,P-D,Food,New,7,0.09,2442.19,1826.81,615.38
2026-05-25,North,B02,P-C,Beauty,Returning,4,0.10,2147.31,1314.01,833.30
2026-06-14,South,B01,P-B,Electronics,New,3,0.20,5270.10,5345.84,-75.74
2026-06-26,South,B10,P-E,Sports,Returning,2,0.14,2312.05,1634.03,678.02
2026-01-06,North,B07,P-E,Sports,New,1,0.02,1110.50,692.87,417.63
2026-01-02,Central,B06,P-B,Electronics,Returning,2,0.09,3781.71,3038.21,743.50
2026-05-07,Central,B07,P-A,Home,Returning,6,0.08,5163.03,3468.08,1694.95
2026-03-26,Central,B02,P-C,Beauty,New,5,0.02,3198.26,1790.49,1407.77
2026-05-13,Central,B08,P-C,Beauty,New,7,0.21,3248.45,2274.90,973.55
2026-02-18,Central,B09,P-E,Sports,New,5,0.06,6106.02,3980.18,2125.84
2026-06-12,Central,B01,P-A,Home,Returning,4,0.00,3633.38,2252.70,1380.68
2026-03-19,North,B12,P-E,Sports,Returning,2,0.11,2270.16,1549.05,721.11
2026-04-20,South,B01,P-B,Electronics,Returning,2,0.23,3813.77,4003.13,-189.36
2026-03-05,East,B05,P-B,Electronics,Returning,7,0.25,12768.70,10125.92,2642.78
2026-01-31,Central,B02,P-D,Food,Returning,3,0.05,1105.97,791.74,314.23
2026-03-11,Central,B01,P-B,Electronics,New,2,0.17,3180.62,2812.45,368.17
2026-01-12,South,B08,P-E,Sports,Returning,5,0.07,6218.57,4063.48,2155.09
2026-04-30,East,B03,P-E,Sports,Returning,4,0.15,4574.98,3273.28,1301.70
2026-01-24,Central,B08,P-A,Home,Returning,7,0.01,5329.38,3350.49,1978.89
2026-03-12,East,B12,P-A,Home,New,1,0.06,959.89,631.04,328.85
2026-02-24,East,B11,P-D,Food,VIP,2,0.04,705.63,498.25,207.38
2026-05-03,South,B12,P-B,Electronics,Returning,7,0.13,11718.46,10959.05,759.41
2026-05-04,East,B01,P-D,Food,New,6,0.09,1981.11,1482.63,498.48
2026-01-31,North,B03,P-B,Electronics,Returning,3,0.15,5433.49,4653.07,780.42
2026-05-29,Central,B12,P-A,Home,Returning,1,0.16,803.57,592.33,211.24
2026-02-08,North,B08,P-D,Food,Returning,1,0.06,332.03,241.04,90.99
2026-03-12,Central,B09,P-C,Beauty,New,7,0.10,4450.33,2711.74,1738.59
2026-04-11,Central,B07,P-E,Sports,Returning,3,0.06,3210.84,2076.59,1134.25
2026-05-12,East,B12,P-C,Beauty,VIP,3,0.01,2140.24,1192.62,947.62
2026-01-27,Central,B02,P-B,Electronics,Returning,5,0.09,9827.28,7898.05,1929.23
2026-02-07,Central,B02,P-B,Electronics,Returning,7,0.09,13612.13,10901.21,2710.92
2026-03-21,Central,B02,P-D,Food,Returning,1,0.08,312.98,232.29,80.69
2026-05-03,Central,B12,P-B,Electronics,New,1,0.11,1783.37,1463.82,319.55
2026-06-17,North,B11,P-E,Sports,New,5,0.07,5366.02,3531.41,1834.61
2026-03-06,South,B03,P-A,Home,Returning,6,0.11,4755.62,3317.86,1437.76
2026-02-23,East,B08,P-C,Beauty,New,2,0.11,2769.29,1704.37,1064.92
2026-04-17,Central,B07,P-B,Electronics,Returning,7,0.04,13319.54,10175.81,3143.73
2026-03-06,North,B07,P-A,Home,Returning,4,0.13,2966.61,2119.07,847.54
2026-02-27,Central,B06,P-B,Electronics,Returning,5,0.09,9332.91,7498.91,1834.00
2026-03-14,Central,B05,P-E,Sports,New,4,0.12,3892.09,2690.61,1201.48
2026-01-26,Central,B06,P-A,Home,New,3,0.06,2386.90,1568.97,817.93
2026-02-05,Central,B07,P-A,Home,New,2,0.08,1687.43,1142.28,545.15
2026-04-29,South,B01,P-C,Beauty,New,2,0.10,1316.84,801.22,515.62
2026-05-09,South,B09,P-B,Electronics,New,2,0.20,3060.28,3099.76,-39.48
2026-03-06,Central,B08,P-C,Beauty,New,5,0.00,3102.64,1706.45,1396.19
2026-03-30,Central,B04,P-A,Home,New,7,0.00,6550.58,4061.36,2489.22
2026-01-27,East,B06,P-B,Electronics,New,4,0.12,7291.79,6041.91,1249.88
2026-03-27,South,B09,P-A,Home,Returning,4,0.01,3315.98,2069.64,1246.34
2026-03-14,East,B03,P-D,Food,New,4,0.14,1046.26,831.74,214.52
2026-03-09,Central,B08,P-D,Food,VIP,3,0.04,928.37,658.82,269.55
2026-03-25,South,B07,P-C,Beauty,Returning,5,0.06,2630.87,1543.53,1087.34
2026-03-04,Central,B01,P-C,Beauty,Returning,6,0.12,3464.40,2173.43,1290.97
2026-06-15,North,B05,P-E,Sports,VIP,6,0.07,6825.03,4451.70,2373.33
2026-01-24,South,B07,P-A,Home,New,1,0.11,782.03,542.19,239.84
2026-03-03,North,B10,P-A,Home,New,2,0.04,1758.01,1131.37,626.64
2026-02-04,South,B10,P-D,Food,Returning,2,0.10,635.86,477.86,158.00
2026-03-25,Central,B03,P-C,Beauty,Returning,6,0.03,3511.70,1980.55,1531.15
2026-05-15,Central,B10,P-A,Home,Returning,3,0.02,2361.62,1497.22,864.40
2026-06-25,South,B01,P-D,Food,Returning,7,0.10,2479.67,1868.21,611.46
2026-04-06,South,B11,P-B,Electronics,Returning,2,0.13,4329.78,4029.29,300.49
2026-03-06,East,B06,P-B,Electronics,New,6,0.08,11342.97,8998.20,2344.77
2026-01-02,East,B04,P-C,Beauty,Returning,2,0.11,1030.76,638.63,392.13
2026-05-21,Central,B08,P-C,Beauty,Returning,6,0.10,3337.86,2031.21,1306.65
2026-05-31,South,B03,P-E,Sports,Returning,7,0.12,7523.63,5218.10,2305.53
2026-01-12,Central,B03,P-B,Electronics,New,6,0.05,12517.88,9586.11,2931.77
2026-05-16,South,B10,P-B,Electronics,New,5,0.12,9616.99,8801.57,815.42
2026-02-02,North,B08,P-C,Beauty,Returning,7,0.05,4635.75,2686.75,1949.00
2026-04-22,North,B03,P-B,Electronics,New,5,0.11,11036.12,9090.67,1945.45
2026-05-20,Central,B09,P-C,Beauty,New,5,0.03,3117.16,1764.66,1352.50
2026-02-18,East,B05,P-D,Food,New,4,0.11,1426.89,1094.64,332.25
2026-06-07,South,B11,P-A,Home,New,4,0.00,4088.17,2534.66,1553.51
2026-01-10,North,B06,P-E,Sports,VIP,1,0.08,1080.08,716.81,363.27
2026-03-17,Central,B02,P-A,Home,New,2,0.07,1655.97,1099.22,556.75
2026-06-21,North,B08,P-B,Electronics,Returning,3,0.04,6572.02,4993.23,1578.79
2026-05-27,North,B12,P-A,Home,Returning,6,0.07,4742.33,3146.22,1596.11
2026-03-07,East,B09,P-C,Beauty,New,6,0.11,3488.81,2147.67,1341.14
2026-01-31,East,B11,P-B,Electronics,Returning,3,0.04,5642.17,4306.51,1335.66
2026-05-07,North,B02,P-B,Electronics,New,1,0.00,2282.43,1666.17,616.26
2026-04-11,South,B01,P-A,Home,VIP,5,0.10,3487.00,2413.25,1073.75
2026-01-28,Central,B09,P-C,Beauty,Returning,4,0.08,2702.65,1619.23,1083.42
2026-03-15,North,B08,P-C,Beauty,New,3,0.08,1760.25,1056.18,704.07
2026-03-07,Central,B07,P-E,Sports,New,1,0.09,1242.69,834.35,408.34
2026-04-27,North,B01,P-B,Electronics,New,3,0.10,6036.57,4903.04,1133.53
2026-06-05,East,B10,P-C,Beauty,Returning,6,0.14,3723.36,2387.06,1336.30
2026-02-08,East,B09,P-D,Food,New,7,0.09,2132.84,1587.46,545.38
2026-01-29,Central,B11,P-B,Electronics,New,4,0.09,7657.11,6132.97,1524.14
2026-03-01,East,B05,P-D,Food,VIP,5,0.15,1325.08,1057.84,267.24
2026-01-24,Central,B01,P-A,Home,VIP,1,0.14,845.60,610.88,234.72
2026-06-17,Central,B09,P-D,Food,New,1,0.02,387.55,268.63,118.92
2026-01-26,North,B12,P-D,Food,New,2,0.07,595.64,435.17,160.47
2026-04-22,Central,B12,P-E,Sports,New,5,0.00,5996.31,3661.39,2334.92
2026-04-17,South,B09,P-C,Beauty,New,1,0.04,624.60,356.11,268.49
2026-05-19,Central,B12,P-A,Home,VIP,3,0.10,2191.47,1507.28,684.19
2026-02-19,Central,B08,P-A,Home,Returning,4,0.19,3009.02,2294.72,714.30
2026-04-24,East,B02,P-E,Sports,New,4,0.07,4859.16,3194.12,1665.04
2026-06-05,East,B04,P-A,Home,Returning,7,0.03,6542.12,4158.32,2383.80
2026-02-06,North,B02,P-C,Beauty,New,1,0.08,512.65,307.67,204.98
2026-04-24,South,B05,P-B,Electronics,New,2,0.18,3279.65,3239.40,40.25
2026-02-23,Central,B05,P-B,Electronics,New,4,0.08,8207.73,6511.03,1696.70
2026-05-09,Central,B02,P-E,Sports,New,6,0.06,6858.30,4435.45,2422.85
2026-01-25,South,B01,P-E,Sports,Returning,6,0.22,5328.19,4176.77,1151.42
2026-01-09,Central,B04,P-E,Sports,New,3,0.12,2864.30,1996.67,867.63
2026-06-22,South,B08,P-C,Beauty,Returning,4,0.05,2348.25,1362.18,986.07
2026-01-03,South,B04,P-C,Beauty,Returning,7,0.04,4419.74,2539.72,1880.02
2026-04-04,East,B05,P-E,Sports,New,3,0.13,3250.59,2284.98,965.61
2026-02-14,Central,B01,P-C,Beauty,VIP,5,0.14,3164.95,2013.71,1151.24
2026-04-10,East,B08,P-B,Electronics,New,4,0.05,9247.53,7106.22,2141.31
2026-05-01,South,B08,P-E,Sports,New,3,0.12,2969.48,2050.61,918.87
2026-05-13,Central,B07,P-D,Food,New,1,0.04,381.95,271.29,110.66
2026-02-15,East,B09,P-C,Beauty,Returning,7,0.00,4017.28,2219.01,1798.27
2026-02-03,Central,B11,P-B,Electronics,VIP,6,0.05,14332.68,11063.13,3269.55
2026-01-11,Central,B07,P-E,Sports,New,6,0.08,5716.31,3777.13,1939.18
2026-04-30,Central,B10,P-B,Electronics,New,7,0.05,16701.31,12815.55,3885.76
2026-03-01,South,B08,P-D,Food,Returning,2,0.13,660.48,513.78,146.70
2026-04-05,South,B03,P-B,Electronics,New,1,0.15,2027.84,1940.76,87.08
2026-05-22,South,B01,P-C,Beauty,New,6,0.07,3422.00,2033.12,1388.88
2026-04-29,North,B10,P-C,Beauty,Returning,3,0.15,1444.73,935.97,508.76
2026-05-15,South,B03,P-C,Beauty,Returning,6,0.03,4183.54,2378.21,1805.33
2026-01-24,East,B08,P-D,Food,New,5,0.15,1367.95,1089.13,278.82
2026-05-02,East,B02,P-B,Electronics,Returning,2,0.10,3731.08,3030.84,700.24
2026-04-02,North,B12,P-B,Electronics,VIP,1,0.00,2525.84,1846.55,679.29
2026-01-12,South,B11,P-A,Home,New,3,0.13,2646.43,1881.86,764.57
2026-04-28,South,B05,P-A,Home,Returning,3,0.10,2368.19,1636.78,731.41
2026-06-22,North,B04,P-D,Food,New,7,0.00,2332.95,1586.41,746.54
2026-01-09,Central,B01,P-B,Electronics,Returning,3,0.08,6235.06,4958.86,1276.20
2026-06-13,Central,B05,P-B,Electronics,Returning,5,0.10,10444.61,8425.75,2018.86
2026-05-23,Central,B09,P-D,Food,Returning,1,0.03,323.47,226.59,96.88
2026-06-24,South,B11,P-A,Home,New,4,0.00,3855.54,2390.43,1465.11
2026-06-28,Central,B02,P-D,Food,VIP,6,0.08,1905.27,1412.58,492.69
2026-04-17,South,B11,P-D,Food,VIP,2,0.06,604.83,439.35,165.48
2026-05-04,East,B07,P-B,Electronics,Returning,5,0.00,11595.81,8464.94,3130.87
2026-05-19,North,B04,P-E,Sports,New,1,0.02,1056.54,659.32,397.22
2026-01-25,South,B07,P-B,Electronics,New,5,0.09,8920.34,7940.08,980.26
2026-05-30,East,B06,P-C,Beauty,Returning,6,0.13,3323.10,2098.75,1224.35
2026-01-20,Central,B09,P-E,Sports,New,7,0.14,6633.06,4707.34,1925.72
2026-04-06,East,B01,P-E,Sports,Returning,5,0.15,4889.68,3528.36,1361.32
2026-04-29,North,B10,P-D,Food,New,7,0.07,2189.81,1605.71,584.10
2026-01-06,East,B12,P-E,Sports,New,2,0.12,1897.30,1320.02,577.28
2026-05-22,South,B09,P-C,Beauty,Returning,2,0.07,1327.24,782.54,544.70
2026-06-14,South,B12,P-D,Food,Returning,1,0.07,353.16,258.85,94.31
2026-02-28,South,B10,P-C,Beauty,New,5,0.15,2927.77,1892.92,1034.85
2026-06-05,North,B11,P-E,Sports,New,2,0.11,2402.52,1654.74,747.78
2026-01-15,North,B05,P-B,Electronics,VIP,5,0.01,11314.52,8350.52,2964.00
2026-02-22,South,B07,P-E,Sports,Returning,3,0.15,3075.88,2202.39,873.49
2026-04-30,Central,B03,P-B,Electronics,Returning,6,0.01,14401.32,10655.82,3745.50
2026-05-04,South,B04,P-B,Electronics,New,6,0.15,10928.72,10376.47,552.25
2026-05-05,South,B03,P-E,Sports,Returning,3,0.08,3037.47,2023.01,1014.46
2026-04-08,Central,B01,P-A,Home,Returning,5,0.05,3799.12,2486.89,1312.23
2026-05-01,Central,B07,P-C,Beauty,New,2,0.04,1289.56,736.90,552.66
2026-05-18,East,B10,P-D,Food,New,2,0.05,674.90,483.70,191.20
2026-05-02,South,B08,P-A,Home,New,2,0.05,1856.93,1216.67,640.26
2026-03-05,North,B03,P-E,Sports,New,1,0.02,1107.14,690.54,416.60
2026-06-10,Central,B05,P-D,Food,New,7,0.08,2372.10,1745.52,626.58
2026-03-24,South,B04,P-B,Electronics,New,4,0.23,6611.30,6981.71,-370.41
2026-03-30,Central,B09,P-E,Sports,New,1,0.06,1110.56,717.66,392.90
2026-03-16,North,B12,P-C,Beauty,New,5,0.10,2508.84,1527.79,981.05
2026-04-29,East,B07,P-D,Food,Returning,6,0.00,2378.16,1617.15,761.01
2026-02-09,North,B09,P-E,Sports,New,4,0.09,4178.84,2799.36,1379.48
2026-01-09,Central,B04,P-E,Sports,New,2,0.09,2398.78,1605.57,793.21
2026-01-07,East,B05,P-E,Sports,VIP,4,0.12,4608.03,3192.75,1415.28
2026-06-11,Central,B03,P-D,Food,Returning,4,0.00,1289.60,876.93,412.67
2026-06-29,North,B09,P-D,Food,New,3,0.09,1001.21,748.33,252.88
2026-01-07,North,B08,P-E,Sports,New,5,0.14,4593.36,3244.90,1348.46
2026-06-06,South,B04,P-C,Beauty,New,6,0.13,3130.61,1980.95,1149.66
2026-05-28,South,B08,P-A,Home,Returning,1,0.11,727.40,505.63,221.77
2026-03-30,North,B01,P-D,Food,New,5,0.02,1766.93,1227.95,538.98
2026-05-19,Central,B02,P-C,Beauty,Returning,1,0.02,702.50,395.88,306.62
2026-06-26,East,B02,P-C,Beauty,Returning,1,0.02,669.40,374.79,294.61
2026-04-01,South,B11,P-E,Sports,New,7,0.06,7888.98,5094.01,2794.97
2026-03-23,South,B02,P-C,Beauty,Returning,2,0.16,960.26,629.42,330.84
2026-04-19,Central,B09,P-D,Food,VIP,4,0.16,1302.02,1054.66,247.36
2026-01-19,South,B12,P-B,Electronics,Returning,6,0.11,13440.34,12239.83,1200.51
2026-04-13,East,B08,P-D,Food,Returning,7,0.14,1854.50,1473.73,380.77
2026-06-25,South,B04,P-C,Beauty,New,3,0.04,1679.30,957.70,721.60
2026-06-21,Central,B04,P-D,Food,VIP,1,0.09,326.29,243.94,82.35
2026-01-26,North,B05,P-A,Home,VIP,4,0.11,3405.85,2378.11,1027.74
2026-05-17,South,B06,P-C,Beauty,New,3,0.08,1945.97,1168.91,777.06
2026-06-12,Central,B02,P-C,Beauty,New,3,0.04,1884.08,1081.96,802.12
2026-06-13,North,B09,P-E,Sports,New,7,0.07,6889.31,4535.75,2353.56
2026-01-17,Central,B06,P-C,Beauty,New,7,0.21,3338.85,2316.89,1021.96
2026-06-09,Central,B02,P-E,Sports,New,3,0.05,3001.42,1927.61,1073.81
2026-03-12,North,B07,P-E,Sports,VIP,5,0.07,4821.93,3163.61,1658.32
2026-06-22,East,B03,P-E,Sports,New,1,0.09,1162.80,783.15,379.65
2026-05-04,South,B03,P-B,Electronics,New,1,0.18,2037.47,2018.06,19.41
2026-03-28,Central,B03,P-B,Electronics,New,6,0.15,9800.90,8405.38,1395.52
2026-05-03,Central,B02,P-C,Beauty,Returning,2,0.08,1040.23,621.07,419.16
2026-04-02,East,B04,P-B,Electronics,New,6,0.12,10661.86,8842.14,1819.72
2026-02-12,East,B02,P-A,Home,New,4,0.10,3210.54,2215.78,994.76
2026-03-22,Central,B03,P-C,Beauty,New,7,0.06,3935.99,2309.08,1626.91
2026-05-09,South,B08,P-E,Sports,Returning,1,0.11,1099.46,752.40,347.06
2026-05-10,Central,B12,P-D,Food,Returning,1,0.09,363.19,271.49,91.70
2026-02-23,North,B05,P-A,Home,Returning,1,0.10,846.82,582.58,264.24
2026-01-11,Central,B01,P-D,Food,Returning,7,0.05,2268.74,1627.80,640.94
2026-05-11,East,B06,P-C,Beauty,New,4,0.06,2311.37,1356.18,955.19
2026-03-07,North,B07,P-B,Electronics,Returning,5,0.12,9771.10,8059.96,1711.14
2026-01-04,South,B12,P-D,Food,New,3,0.07,937.67,686.04,251.63
2026-04-13,East,B07,P-A,Home,Returning,7,0.09,5505.10,3754.38,1750.72
2026-04-01,North,B04,P-B,Electronics,Returning,2,0.08,3683.74,2912.74,771.00
2026-02-11,South,B04,P-D,Food,Returning,7,0.17,2270.82,1863.58,407.24
2026-01-04,South,B05,P-C,Beauty,New,1,0.06,565.46,330.40,235.06
2026-03-01,Central,B07,P-E,Sports,New,1,0.14,1159.80,822.21,337.59
2026-02-02,North,B12,P-D,Food,VIP,6,0.09,1780.06,1326.35,453.71
2026-04-17,Central,B09,P-C,Beauty,VIP,1,0.13,492.38,312.86,179.52
2026-04-23,Central,B10,P-E,Sports,New,2,0.12,2211.10,1536.15,674.95
2026-03-22,East,B09,P-C,Beauty,VIP,3,0.10,1642.34,1005.10,637.24
2026-03-06,Central,B01,P-E,Sports,Returning,7,0.06,8932.66,5799.67,3132.99
2026-01-28,South,B04,P-A,Home,VIP,2,0.12,1778.62,1248.90,529.72
2026-06-24,Central,B05,P-E,Sports,New,1,0.13,976.83,684.40,292.43
2026-02-13,South,B12,P-B,Electronics,New,2,0.24,3048.58,3230.03,-181.45
2026-04-29,Central,B01,P-E,Sports,Returning,2,0.07,2250.36,1473.47,776.89
2026-04-13,East,B11,P-E,Sports,New,4,0.08,3906.87,2583.56,1323.31
2026-04-13,East,B07,P-B,Electronics,Returning,3,0.10,6065.90,4908.76,1157.14
2026-04-27,Central,B07,P-B,Electronics,Returning,4,0.13,8756.36,7326.39,1429.97
2026-04-27,South,B02,P-D,Food,Returning,2,0.07,663.63,486.10,177.53
2026-02-01,South,B01,P-C,Beauty,Returning,6,0.11,3680.81,2283.87,1396.94
2026-04-15,North,B01,P-D,Food,Returning,3,0.00,1095.80,745.14,350.66
2026-04-04,East,B07,P-B,Electronics,New,7,0.04,16767.47,12737.69,4029.78
2026-03-20,North,B06,P-E,Sports,VIP,3,0.07,3591.52,2356.79,1234.73
